growth_percent,weekly_demand,optimized_status,open_candidates,first_year_cost_USD,first_year_cost_per_unit_USD,optimized_two_day_coverage,georgia_only_status,georgia_only_max_coverage,georgia_only_meets_target
10,1540.0,Optimal,GA,12973854.642244,162.0111718561938,0.9119047597402598,Optimal,0.9119047597402598,True
10.5,1547.0,Optimal,GA,13027035.042244002,161.93917560345088,0.9105580672268907,Optimal,0.9105580672268907,True
11,1554.0000000000002,Optimal,GA,13080215.442243997,161.8678279655974,0.909223507078507,Optimal,0.909223507078507,True
11.5,1561.0,Optimal,GA,13133395.842244001,161.79712021687283,0.9079009160794362,Optimal,0.9079009160794362,True
12,1568.0000000000002,Optimal,GA,13186576.242244,161.72704378733317,0.9065901339285715,Optimal,0.9065901339285715,True
12.5,1575.0,Optimal,GA,13239756.642244,161.6575902593895,0.9052910031746031,Optimal,0.9052910031746031,True
13,1581.9999999999998,Optimal,GA,13292937.042244002,161.5887513644365,0.904003369152971,Optimal,0.904003369152971,True
13.5,1589.0,Optimal,GA,13346117.442243997,161.52051897957105,0.9027270799244809,Optimal,0.9027270799244809,True
14,1596.0000000000002,Optimal,GA,13399297.842244001,161.4528851243975,0.9014619862155387,Optimal,0.9014619862155387,True
14.5,1603.0,Optimal,GA,13452478.242244,161.38584195791543,0.9002079413599502,Optimal,0.9002079413599502,True
15,1610.0,Optimal,"TX,GA",13700400.0,163.64548494983276,1.0,Optimal,0.898964801242236,False
